,primary_name,count,return_percv2
8,"M. Night Shyamalan, Deborah Kampmeier, Jamie Buckner, Lawrence Côté-Collins, Kook-Hee Choi",5,54.79296120000001
17,"Jeff Wadlow, Tom Boyle, Jessica Cameron, Zhi-yu Ma, Suzette Reyes",5,26.179241142857148
54,"James Howarth, In-ho Hwang, Robert Aldrich, Matt Shaw, Nelson Venkatesan",5,11.848162599999998
88,"Leslie Small, Tim Story",6,9.283248
91,"Andy Muschietti, Equan Choi, Sanne Vogel, Beri Shalmashi, Vlado Skafar, Yelena Renard, Nikolay Renard",7,8.873037733333334
156,"Tom Collins, Joel Edgerton, Przemyslaw Kaminski, Hanung Bramantyo, Damian O'Callaghan",10,5.9030722
174,"Phil Lord, Christopher Miller",6,5.62667752
217,"Patty Jenkins, Michael Colburn, Renzo Aneröd, Veronica Pierce, Hanna Aneröd",5,4.47422252
223,"Carlos Saldanha, Sarah Morris, Sam Icklow, Gayatri Bajpai, Marcus C.W. Chan",5,4.416886766666667
225,"Jon Erwin, Andrew Erwin",6,4.391992
243,Paul Feig,5,4.111971111046511
256,"Jun Falkenstein, Jon Favreau, Kevin Johnson",6,3.986126252475248
283,Kenneth Branagh,5,3.642507484242424
288,Jon M. Chu,6,3.588846433333333
292,"Anthony Russo, Joe Russo",6,3.560277652
294,"Edris Ne, Faysal Soysal, Anastasiya Miroshnichenko",6,3.56
345,Francis Lawrence,5,3.05616741875
354,"Lone Scherfig, Yonghong Liu, Yoon-ki Lee, Yuan Tian, Banjong Pisanthanakun, Chi-jan Hou, Zsófia Szilágyi, Zhijian Tong, Ruijun Li, Xiaoxing Yi, Chih-Lin Yang, Ying Jiang, Bo Du, Daqing Wang",14,2.9445794666666667
370,"Mohammad Bakri, Pini Tavger, Tal Haring, Yona Rozenkier, Nir Saar, Maya Sarfaty, Mohammad Fuad, Ahmad Bargouthi",8,2.774191
392,Steven Spielberg,7,2.5949776
395,Brad Peyton,5,2.5671356666666667
400,"Sebastien Guy, Henry Joost, Ariel Schulman, Ben Evans, J.R. Sawyers",5,2.5326142000000003
422,"Clint Eastwood, Tony Mahony, Michael Radford, Angus Sampson, Sebastien Grousset",5,2.41715352
467,"Griffin Dunne, Elizabeth Banks, Steven Brill, Steve Carr, Rusty Cundieff, Peter Farrelly, James Gunn, Bob Odenkirk, Brett Ratner, Patrik Forsberg, Jonathan van Tulleken, James Duffy, Will Graham",13,2.1164747000000004
479,"Tim Johnson, Jono Oliver, Oleg Pogodin, Fien Troch, Muzaffer Özdemir, Frank Lin, Maximilian Hult, Dario Pleic",24,2.0230951859649124
489,"Ethan Coen, Joel Coen",6,1.9948406363636364
503,"Brett Ratner, Abhijit Guha, Sudeshna Roy",6,1.9064036117647056
514,Guy Ritchie,5,1.8423176653333333
515,Ridley Scott,5,1.84037336
518,"Joss Whedon, Robert Delamere, Brandon Arnold, Alejandro Fernández Almendras, Jeremy Herrin",5,1.81866725
557,David Ayer,5,1.6289460125
593,"John Singleton, Ernie Barbarash, Maurice Smith, Michael Atwill, Mol Smith",5,1.4756674
595,Antoine Fuqua,5,1.4734172987012988
597,Denis Villeneuve,5,1.4652674347826091
614,Shawn Levy,5,1.398912190909091
650,Clint Eastwood,6,1.2952602714285715
661,"Stefan Haupt, James Ponsoldt, Peter Callow, Levan Akin, Bram Conjaerts",5,1.2584368888888888
664,Steven Soderbergh,7,1.2520056508830022
684,Zack Snyder,5,1.18648403
716,"David Barker, Diederik Van Rooijen, David McCracken, Joel Townsend, Kaidan Tremain",5,0.986353625
746,"Stef Desmyter, Ya'Ke Smith, Jim Taihuttu, Michael Jones, Cem Özüduru, Can Emre",6,0.8715965285714286
757,"Xiaogang Feng, Paolo Sorrentino, Justine Malle, Tom Shoval, Rakesh Kudalkar",5,0.8462748461538462
772,"Bobby Farrelly, Peter Farrelly",6,0.8017416333333334
791,"Luc Besson, Shumin Liu, Gustavo Rondón Córdova, Rok Bicek, Wolfgang Meyer, Joe Hollow, Matt Tory",7,0.7026180333333333
796,"Mijke de Jong, David O. Russell, Elias Giannakakis, Sudabeh Mortezai, Chinguun Balkhjav",5,0.68556765
813,"Aslaug Holm, Mika Kaurismäki, Wojciech Staron, Hanro Smitsman, Kiefer Liu, Karan Malhotra",12,0.6128348205128206
844,"Anirban Roy, Shlok Sharma, Siddharth Gupt, Rohit Pandey, Neeraj Ghaywan",5,0.49354005
854,"Ron Scalpello, Giriraj Ghimire, Milan Chams, Shebi Chowghat, Mathews Abraham, Suman Upreti",6,0.4712718571428571
871,Peter Berg,5,0.4248987136363636
881,"Szabolcs Hajdu, Rupert Wyatt, Ignas Jonynas, Ross Whitaker, Tom Emmatty",10,0.3864215714285714
904,"Ridley Scott, Otto Bathurst, Martin Schreier",6,0.3178202168284789
907,"Anton Corbijn, Daniel Espinosa, Patrick Epape",6,0.3116635563909774
947,"Yam Laranas, Anna Peräaho, Essi Mitronen, Rana Salem, Zanbo Zhang",5,0.16826928
