,0
M. Night Shyamalan,1157.498325
Paul Feig,606.8546892307692
Jon M. Chu,573.3147133333333
Tim Story,483.5661083333333
Kenneth Branagh,476.5378833333333
Francis Lawrence,419.1894296
David O. Russell,397.1630307692307
Guy Ritchie,303.2401752
Brad Peyton,274.2896023529412
Paul W.S. Anderson,270.2271215384616
Mike Mitchell,247.62639797979799
Nicholas Stoller,210.73605999999998
Peter Berg,206.50956
Zack Snyder,191.531204
Peter Farrelly,190.57825
Data Set,185.20954285714285
Steven Spielberg,185.20954285714285
Jaume Collet-Serra,175.93609125
Shawn Levy,162.53281551724137
Ridley Scott,148.43936388888886
Antoine Fuqua,146.96989714285715
Denis Villeneuve,146.5267434782609
Clint Eastwood,117.32054000000001
Robert Rodriguez,103.25421000000001
Danny Boyle,97.66114999999999
Steven Soderbergh,92.45335217391303
Jonathan Levine,74.75782
David Gordon Green,74.14425333333334
Tim Burton,68.97008253968254
Ron Howard,30.974451999999996
David Ayer,-28.016742500000003
Simon West,-48.66358285714286
