,Director,Median ROI
0,M. Night Shyamalan,11.57498325
1,Paul Feig,6.068546892307693
2,Jon M. Chu,5.7331471333333335
3,Tim Story,4.835661083333332
4,Kenneth Branagh,4.765378833333333
5,Francis Lawrence,4.191894296
6,David O. Russell,3.9716303076923065
7,Guy Ritchie,3.032401752
8,Brad Peyton,2.7428960235294118
9,Paul W.S. Anderson,2.7022712153846165
10,Mike Mitchell,2.47626397979798
11,Nicholas Stoller,2.1073606000000003
12,Peter Berg,2.0650956000000003
13,Zack Snyder,1.91531204
14,Peter Farrelly,1.9057825
15,Data Set,1.8520954285714282
16,Steven Spielberg,1.8520954285714282
17,Jaume Collet-Serra,1.7593609125
18,Shawn Levy,1.6253281551724137
19,Ridley Scott,1.4843936388888885
20,Antoine Fuqua,1.4696989714285715
21,Denis Villeneuve,1.465267434782609
22,Clint Eastwood,1.1732053999999998
23,Robert Rodriguez,1.0325421
24,Danny Boyle,0.9766115000000001
25,Steven Soderbergh,0.9245335217391305
26,Jonathan Levine,0.7475782
27,David Gordon Green,0.7414425333333334
28,Tim Burton,0.6897008253968253
29,Ron Howard,0.30974451999999997
30,David Ayer,-0.2801674250000001
31,Simon West,-0.48663582857142856
